﻿{

  "blue-print-configuration": {
    "testServiceConfiguration": {
      "baseAddress": "http://localhost:2207",
      "path": "/generateRrn",
      "verb": "post",
      "type": "application/json",
      "authType": "N",
      "credentials": {
        "userName": "eauser",
        "password": "eapass"
      },
      "timeOut": 10000
    },
    "RrnGeneratorService": {
      "baseAddress": "{{RRN_GENERATOR_SERVICE_ADRESS}}",
      "path": "/generateRrn",
      "verb": "post",
      "type": "application/json",
      "authType": "N",
      "credentials": {
        "userName": "eauser",
        "password": "eapass"
      },
      "timeOut": 10000
    },
    "ScreenFileValidators": [
      {
        "screenCode": "1",
        "fields": {
          "MerchantNumber": "string",
          "Tel": "string",
          "Address": "string"
        },
        "businessValidators": [
          {
            "Name": "MerchantValidator",
            "Order": 1,
            "Fields": "MerchantNumber"
          },
          {
            "Name": "AddressValidator",
            "Order": 2,
            "Fields": "Address"
          }
        ]
      },
      {
        "screenCode": "2",
        "fields": {
          "merchantNo": "string",
          "mcg": "string"
        },
        "businessValidator": "merchantValidator"
      },
      {
        "screenCode": "3",
        "fields": {
          "merchantNo": "string",
          "mcc2": "string",
          "branchCode": "string"
        },
        "businessValidator": "merchantValidator"
      }
    ]
  }
}