{
  "Logging": {
    "LogLevel": {
      "Default": "Debug"
    },
    "NLog": {
      "IncludeScopes": true
    }
  },
  "NLog": {
    "autoReload": true,
    "throwConfigExceptions": true,
    "internalLogLevel": "info",
    "internalLogFile": "${var_logdir}/internal-nlog.txt",
    "extensions": [
      { "assembly": "NLog.Extensions.Logging" },
      { "assembly": "NLog.Web.AspNetCore" }, 
      { "assembly": "Logging" }
    ],
    "variables": {
      "var_logdir": "C:/Loglar/corf-blueprint",
      "logDate": "${date:format=yyyy.MM.dd-HH}"
    },
    "default-wrapper": {
      "type": "AsyncWrapper",
      "overflowAction": "Block"
    },
    "targets": {
      "all-file": {
        "type": "File",
        "fileName": "${var_logdir}/Trace/${logDate}.txt",
        "autoFlush": false,
        "keepFileOpen": "true",
        "archiveAboveSize": 10240000,
        "openFileCacheTimeout": 30,
        "archiveNumbering": "Sequence",
        "archiveFileName": "${var_logdir}/Trace/archive/${logDate}.{#######}_arch.txt",
        "layout": "(${threadid})  [${time}]  |  (${level:uppercase=true})   |  ${message} | ${event-properties:item=unique}   |   ${event-properties:item=additionalMessage} "
      },
      "kafka": {
        "type": "RestTarget",
        "baseAddress": "http://localhost:2206",
        "path": "/log/trace",
        "verb": "POST",
        "contentType": "application/json",
        "timeOut": 10000,
        "layout": {
          "type": "JsonLayout",
          "Attributes": [
            {
              "name": "datetime",
              "layout": "${date:format=yyyy-MM-dd HH\\:mm\\:ss.fff}"
            },
            {
              "name": "level",
              "layout": "${level}"
            },
            {
              "name": "instanceIp",
              "layout": "${aspnet-request-host}"
            },
            {
              "name": "requestIp",
              "layout": "${aspnet-request-ip}"
            },
            {
              "name": "traceId",
              "layout": "${aspnet-traceidentifier}"
            },
            {
              "name": "class",
              "layout": "${logger}"
            },
            {
              "name": "message",
              "layout": "\"${message:raw=true}\"",
              "encode": false
            },
            {
              "name": "unique",
              "layout": "\"${event-properties:item=unique}\"",
              "encode": false
            },
            {
              "name": "additionalMessage",
              "layout": "\"${event-properties:item=additionalMessage}\"",
              "encode": false
            }
          ]
        }

      },
      "own-console": {
        "type": "LimitingWrapper",
        "interval": "00:00:01",
        "messageLimit": 100,
        "target": {
          "type": "ColoredConsole",
          "layout": "(${threadid})  [${time}]  |  (${level:uppercase=true})   |    ${message}",
          "rowHighlightingRules": [
            {
              "condition": "level == LogLevel.Error",
              "foregroundColor": "Red"
            },
            {
              "condition": "level == LogLevel.Fatal",
              "foregroundColor": "Red",
              "backgroundColor": "White"
            }
          ]
        }
      },
      "error-file": {
        "type": "File",
        "fileName": "${var_logdir}/Error/${logDate}.txt",
        "autoFlush": false,
        "keepFileOpen": "true",
        "archiveAboveSize": 10240000,
        "openFileCacheTimeout": 30,
        "archiveNumbering": "Sequence",
        "archiveFileName": "${var_logdir}/Error/archive/${logDate}.{#######}_arch.txt",
        "layout": "(${threadid})  [${time}]  |  (${level:uppercase=true})   |   ${message}${onexception:${newline}${exception:maxInnerExceptionLevel=10:innerExceptionSeparator=&#xD;&#xA;&#x9;:format=shortType,message,StackTrace}}"

      }
    },
    "rules": [

      {
        "logger": "*",
        "minLevel": "Debug",
        "writeTo": "all-file"
      },
      {
        "logger": "*",
        "minLevel": "Debug",
        "writeTo": "own-console"
      },
      {
        "logger": "*",
        "minLevel": "Error",
        "maxLevel": "Fatal",
        "writeTo": "error-file"
      }
    ]
  }
}