{
  "Serilog": {
    "Using": [
      "Serilog.Expressions",
      "Serilog.Sinks.File",
      "Serilog.Sinks.File.Archive",
      "Serilog.Sinks.Async",
      "Serilog.Sinks.Seq",
      "Serilog.Enrichers.ClientInfo",
      "Serilog.Sinks.Kafka",
      "Logging"
    ],
    "Enrich": [
      "FromLogContext",
      "WithMachineName",
      "WithProcessId",
      "WithThreadId",
      "WithClientIp",
      "WithClientAgent"
    ],
    "MinimumLevel": {
      "Default": "Information",
      "Override": {
        "corf": "Information",
        "Microsoft": "Error",
        "Steeltoe": "Error",
        "CloudFoundry.Controllers": "Error"
      }
    },
    "WriteTo": [
      {
        "Name": "Console"
      },
      {
        "Name": "Async",
        "Args": {
          "configure": [
            {
              "Name": "Logger",
              "Args": {
                "configureLogger": {
                  "WriteTo": [
                    {
                      "Name": "File",
                      "Args": {
                        "path": "c:/Loglar/SwitchMockService/Trace/trace-.log",
                        "outputTemplate": "{Timestamp:HH:mm:ss.fff} [{Level:u3}] {Message:lj}{NewLine}{Exception}",
                        "rollOnFileSizeLimit": true,
                        "fileSizeLimitBytes": "12560000",
                        "rollingInterval": "Hour",
                        "retainedFileCountLimit": "2"
                      }
                    }
                  ]
                }
              }
            }
          ]
        }
      },
      {
        "Name": "Async",
        "Args": {
          "configure": [
            {
              "Name": "Logger",
              "Args": {
                "configureLogger": {
                  "Filter": [
                    {
                      "Name": "ByIncludingOnly",
                      "Args": {
                        "expression": "@l = 'Error'"
                      }
                    }
                  ],
                  "WriteTo": [
                    {
                      "Name": "File",
                      "Args": {
                        "rollOnFileSizeLimit": true,
                        "fileSizeLimitBytes": "15120000",
                        "rollingInterval": "Hour",
                        "path": "c:/Loglar/SwitchMockService/Error/error-.log",
                        "outputTemplate": "{Timestamp:yyyy-MM-dd HH:mm:ss.fff} [{Level:u3}] {Message:lj}{NewLine}{Exception}",
                        "retainedFileCountLimit": "2"
                      }
                    }
                  ]
                }
              }
            }
          ]
        }
      }
    ]
  }
}
