{
  "Management": {
    "Metrics": {
      "Observer": {
        "AspNetCoreHosting": true,
        "GCEvents": true,
        "ThreadPoolEvents": true,
        "EventCounterEvents": true,
        "HttpClientCore": true,
        "HttpClientDesktop": true,
        "HystrixEvents": true
      }
    },
    "endpoint": {
      "health": {
        "show-details": "ALWAYS"
      }
    },
    "Endpoints": {
      "Health": {
        "Liveness": {
          "Include": "diskspace,liveness"
        },
        "Readiness": {
          "Include": "diskspace,readiness"
        }
      },
      "Actuator": {
        "Exposure": {
          "Include": [ "*" ],
          "Exclude": [ "env", "refresh" ]
        }
      }
    }
  },
  "Spring": {
    "application": {
      "name": "corf-blueprint-kub"
    },
    "boot": {
      "admin": {
        "client": {
          "period": 3000,
          "connect-timeout": 3000,
          "read-timeout": 3000,
          "register-once": true,
          "enabled": true,
          "url": "http://localhost:8080",
          "basePath": "http://host.docker.internal:3306/",
          //"basePath": "http://{{MachineName}}:2205/",
          "metadata": {
            "user.name": "actuatorUser",
            "user.password": "actuatorPassword"
          }
        }
      }
    }
  }
}