﻿{
  "iam-token-settings": {
    "TokenGeneratorService": {
      "baseAddress": "https://iamapplication.kube.uatisbank",
      "path": "/auth/realms/main/protocol/openid-connect/token",
      "verb": "post",
      "type": "application/x-www-form-urlencoded",
      "connectionCount": 2000,
      "authType": "N",
      "serviceType": "Rest",
      "timeOut": 10000
    },
    "CreateRequest": {
      "client_id": "mcm",
      "client_secret": "GVSaEgXMFvi82dEVXs80txwTdlTOogYA",
      "grant_type": "password",
      "username": "mcmprjuser",
      "password": "Eh5d79rs"
    }
  }
}