{
  "service-global-settings": {
    "port": 5001,
    "nodeDictionary": "T1LPRVT2031:1:1"
  },
  "connectorConfiguration": {
    "assemblies": {

      "pos-executer": "Safir.OfflineCard.Receiver.Business.PosMessageExecuter,Safir.OfflineCard.Receiver.Business",
      "belbim-executer": "Safir.OfflineCard.Receiver.Business.OfflineCardExecuter,Safir.OfflineCard.Receiver.Business"
    },


    "connectors": [
      {
        "name": "safir.offlinecard.receiver",
        "type": "tcp-server",
        "preCommand": "pos-executer",
        "properties": {
          "address": "0.0.0.0",
          "port": "4500",
          "checkInterval": "10",
          "timeOut": "10000"
        }
      },
      {
        "name": "receiver-to-executer",
        "type": "rest-client-sender",
        "properties": {
          "baseAddress": "https://10.194.84.61:9443",
          "path": "/ibmmq/rest/v1/messaging/qmgr/MQSAFIRDEV1/queue/MQSAFIR.LQ.RECEIVER2EXEC/message",
          "verb": "post",
          "headers": "ibm-mq-rest-csrf-token=",
          "type": "application/json",
          "authType": "B", //N for No auth, B for Basic
          "credentials": "{'userName':'mqm', 'password':'12345'}", //{"userName":"xx", "password":"xx"}
          "checkInterval": "250",
          "timeOut": "10000",
          "successResponseCode": "Created"
        }
      },
      {
        "name": "executer-to-receiver",
        "preCommand": "belbim-executer",
        "type": "rest-client-receiver",
        "properties": {
          "isSignatory": "true",
          "baseAddress": "https://10.194.84.61:9443",
          "path": "/ibmmq/rest/v1/messaging/qmgr/MQSAFIRDEV1/queue/MQSAFIR.LQ.RECEIVER2EXEC/message?wait=2000",
          "verb": "delete",
          "headers": "ibm-mq-rest-csrf-token=",
          "type": "application/json",
          "authType": "B", //N for No auth, B for Basic
          "credentials": "{'userName':'mqm', 'password':'12345'}", //{"userName":"xx", "password":"xx"}
          "checkInterval": "2",
          "timeOut": "10000",
          "successResponseCode": "OK"
        }
      }
    ],

    "routes": [
      {
        "name": "receiver2executer-root",
        "receivers": "safir.offlinecard.receiver",
        "destinations": "receiver-to-executer",
        "loadBalance": "true"
      },
      {
        "name": "executer-to-receiver-root",
        "receivers": "executer-to-receiver",
        "destinations": "safir.offlinecard.receiver",
        "loadBalance": "true"
      }
    ],

    "watchers": [
      {
        "name": "W1",
        "connections": "safir.offlinecard.receiver",
        "checkInterval": "5000"
      }
    ]
  }

}
