{
  "connectorConfiguration": {
    "assemblies": {
      "rest-producer-executer": "corf.blueprint.business.RestProduceExecuter,corf.blueprint.business",
      "kafka-producer-executer": "corf.blueprint.business.ProducePostCommandExecuter,corf.blueprint.business",
      "kafka-consumer-executer": "corf.blueprint.business.ConsumePostCommandExecuter,corf.blueprint.business"
    },
    "connectors": [
      {
        "name": "rest-producer-executer",
        "type": "rest-server",
        "properties": {
          "rootAddresses": "0.0.0.0:2205",
          "backPressureSize": "12",
          "paths": "[{'uri': 'kafka/produce', 'allowpost':true, 'postexecutername':'rest-producer-executer'}]",
          "checkInterval": "300",
          "timeOut": "20000",
          "responseHeaders": "Content-Type=application/json"
        }
      },
      {
        "name": "kafka-producer-executer",
        "postCommand": "kafka-producer-executer",
        "type": "kafka-producer",
        "properties": {
          "kafkaProperties": "{'bootstrap.servers':'127.0.0.1:9092','message.timeout.ms': '2000','auto.offset.reset': 'latest', 'socket.timeout.ms': '3000'}",
          "topic": "authorizationTopic",
          "checkInterval": "50",
          "timeOut": "40"
        }
      },
      {
        "name": "kafka-consumer-executer",
        "postCommand": "kafka-consumer-executer",
        "type": "kafka-consumer",
        "properties": {
          "maxConsumerCount": 1,
          "kafkaProperties": "{'bootstrap.servers':'127.0.0.1:9092','group.id':'consume','auto.offset.reset':'earliest', 'sasl.kerberos.principal':'{{KERBEROS_PRINCIPAL_USRACQUA}}', 'sasl.kerberos.kinit.cmd':'kinit -k -t {{KERBEROS_KEYTAB_PATH}} {{KERBEROS_PRINCIPAL_USRACQUA}}', 'sasl.kerberos.service.name':'{{KERBEROS_SERVICE_NAME}}','sasl.kerberos.keytab':'{{KERBEROS_KEYTAB_PATH}}'}",
          "topic": "authorizationTopic",
          "checkInterval": "50",
          "timeOut": "40",
          "encodedKeytabConfiguration": "{'DecodedKeytabPath': '{{KERBEROS_DECODED_KEYTAB_PATH_USRACQUA}}','EncodedKeytabPath': '{{KERBEROS_KEYTAB_PATH_USRACQUA}}'}",
          "NotScaledConsumer": "true"
        }
      }
    ],

    "routes": [
      {
        "name": "rest2kafka-route",
        "receivers": "rest-producer-executer",
        "destinations": "kafka-producer-executer",
        "loadBalance": "false"
      },
      {
        "name": "kafka2rest-route",
        "receivers": "kafka-consumer-executer",
        "destinations": "rest-producer-executer",
        "loadBalance": "false"
      }
    ]
  }
}