{
  "service-global-settings": {
    "port": 5001,
    "nodeDictionary": "T1LPRVT2031:1:1"
  },
  "connectorConfiguration": {
    "assemblies": {

      "atm-executer": "Abex.Business.Atm.AtmTestExecuter,Abex.Business",
      "tcp-executer": "Abex.Business.Atm.TcpServerTestMessageExecuter,Abex.Business",
      "bkm2atm-executer": "Abex.Business.Bkm2Atm.Bkm2AtmExecuter,Abex.Business",
      "vis2atm-executer": "Abex.Business.Vis2Atm.Vis2AtmExecuter,Abex.Business",
      "mir2atm-executer": "Abex.Business.Mir2Atm.Mir2AtmExecuter,Abex.Business",
      "abex2abm-executer": "Abex.Business.Abex2Abm.Abex2AbmExecuter,Abex.Business",
      "abex2fraudstar-executer": "Abex.Business.Abex2Fraudstar.Abex2FraudstarExecuter,Abex.Business"
    },


    "connectors": [
      {
        "name": "trnsRest",
        "type": "rest-server",
        "properties": {
          "rootAddress": "0.0.0.0:17300",
          "backPressureSize": "12",
          "type": "RESTSERVER",
          "paths": "[{'uri': 'acquiring/v1/atmacquire', 'allowpost':'true', 'postexecutername': 'atm-executer', 'allowget':'true'},{'uri': 'acquiring/v1/atmacquire2', 'allowpost':'true', 'postexecutername': 'atm-executer', 'allowget':'true'}]",
          "postUri": "acquiring/v1/atmacquire",
          "checkInterval": "300",
          "timeOut": "50000",
          "failoverDestination": "trnsRest",
          "autoReverseOnError": true,
          "responseHeaders": "Content-Type=application/json"
        }
      },
      {
        "name": "testTcpclient",
        "type": "tcp-client",
        "preCommand": "tcp-executer",
        "properties": {
          "innerMessageType": "string",
          "address": "10.215.66.228",
          "port": "17100",
          "checkInterval": "10",
          "timeOut": "10000"
        }
      },
      {
        "name": "akilstipTcpServer",
        "type": "tcp-server",
        "properties": {
          "address": "0.0.0.0",
          "port": "17800",
          "checkInterval": "10",
          "timeOut": "10000"
        }
      }
    ],

    "routes": [

      {
        "name": "abex2root",
        "receivers": "trnsRest",
        "destinations": "testTcpclient",
        "loadBalance": "true"
      },

      {
        "name": "dom2abexroot",
        "receivers": "testTcpclient",
        "destinations": "trnsRest",
        "loadBalance": "true"
      }
    ],

    "watchers": [
      {
        "name": "W1",
        "connections": "trnsRest,testTcpclient",
        "checkInterval": "5000"
      }
    ]
  }
}

