{
  "service-global-settings": {
    "port": 5001,
    "nodeDictionary": "T1LPRVT2031:1:1"
  },
  "connectorConfiguration": {
    "assemblies": {

      "atm-executer": "Abex.Business.Atm.AtmMessageHandler,Abex.Business",
      "bkm2atm-executer": "Abex.Business.Bkm2Atm.Bkm2AtmExecuter,Abex.Business",
      "vis2atm-executer": "Abex.Business.Vis2Atm.Vis2AtmExecuter,Abex.Business",
      "mir2atm-executer": "Abex.Business.Mir2Atm.Mir2AtmExecuter,Abex.Business",
      "abex2abm-executer": "Abex.Business.Abex2Abm.Abex2AbmExecuter,Abex.Business",
      "abex2fraudstar-executer": "Abex.Business.Abex2Fraudstar.Abex2FraudstarExecuter,Abex.Business"
    },


    "connectors": [
      {
        "name": "rest-server-sample",
        "type": "rest-server",
        "properties": {
          "rootAddresses": "0.0.0.0:2206",
          "backPressureSize": "12",
          "type": "RESTSERVER",
          "internalPayload": true,
          "paths": [

            {
              "uri": "delta/payment",
              "post": {
                "description": "",
                "executername": "delta-to-bridge-executer"
              }

            },
            {
              "uri": "delta/reversal",
              "post": {
                "description": "",
                "executername": "delta-to-bridge-reversal-executer"
              }
            }
          ],
          "checkInterval": "100",
          "timeOut": "30000",
          "responseHeaders": "Content-Type=application/json"
        }
      }
    ],
    "routes": [

      {
        "name": "abex2root",
        "receivers": "rest-server-sample",
        "destinations": "rest-server-sample",
        "loadBalance": "true"
      }
    ],

    "watchers": [
      {
        "name": "W1",
        "connections": "rest-server-sample",
        "checkInterval": "5000"
      }
    ]
  }
}

