{
  "connectorConfiguration": {
    "executers": [
   
    ],
    "usings": [
      {
        "Key": "RestServer",
        "Value": "corf.Communication.Rest.Server.RestServer, corf.Communication.Rest"
      },
      {
        "Key": "RestClientSenderWithApplicationIAMToken",
        "Value": "corf.Communication.Rest.Client.RestClientSenderWithApplicationIAMToken, corf.Communication.Rest"
      }

    ],
    "connectors": [

      {
        "Name": "OCDebitPetraAuthorizationMock",
        "Type": "RestServer",
        "properties": {
          "Paths": [
            {
              "Uri": "api/v1/service",
              "Post": {
              }
            },
            {
              "uri": "/health",
              "get": {
              }
            }
          ],
          "RootAddress": {
            "Host": "0.0.0.0",
            "Http": {
              "Port": "3306"
            }
          },
          "TimeOut": 4000
        }
      },
      {
        "Name": "OCDebitPetraGateRestClientSender",
        "Type": "RestClientSenderWithApplicationIAMToken",
        "properties": {
          "Verb": "post",
          "Type": "application/json",
          "SuccessResponseCode": "OK",
          "BaseAddress": "https://petra-apigateway2.kube.uatisbank",
          "Path": "/prepaid-card-service/api/prepaidcard/external/search",
          "AuthType": "N",
          "OnReceiveCommand": "",
          "TimeOut": "4000",
          "PassThrough": true,
          "DynamicHeadersConfiguration": {
            "PassThroughAllHeaders": false,
            "customHeaders": "x-rly-corr|x-rly-ins-unit|x-rly-session|x-rly-tenant|x-rly-user-id|walletId|processId|X-Consumer"
          }
          "TokenGeneratorService": {
            "baseAddress": "https://iamapplication.kube.uatisbank",
            "path": "/auth/realms/main/protocol/openid-connect/token",
            "verb": "post",
            "type": "application/x-www-form-urlencoded",
            "connectionCount": 2000,
            "authType": "N",
            "serviceType": "Rest",
            "timeOut": 10000
          },
          "CreateRequest": {
            "client_id": "mcm",
            "client_secret": "GVSaEgXMFvi82dEVXs80txwTdlTOogYA",
            "grant_type": "password",
            "username": "mcmprjuser",
            "password": "Eh5d79rs"
          }
        }
      }
    ],
    "routes": [
      {
        "name": "route-1",
        "receivers": "OCDebitPetraAuthorizationMock",
        "destinations": "OCDebitPetraGateRestClientSender",
        "loadBalance": true
      }
      {
        "name": "route-2",
        "receivers": "OCDebitPetraGateRestClientSender",
        "destinations": "OCDebitPetraGateRestClientSender",
        "loadBalance": true
      }
    ],
    "log-configuration": {
      "LoggerName": "OCDebitPetraGate",
      "FlushPerRequest": false,
      "ApplicationName": "OCDebitPetraGate",
      "ApplicationId": "ACI72182",
      "Acquirer": "OCDebitPetraGate"
    }
  }
}
