{
  "service-global-settings": {
    "port": "5001"
  },

  "connectorConfiguration": {
    "assemblies": {

      "abex2abm-executer": "Safir.AbmRecorder.Business.AbmServiceExecuter,Safir.AbmRecorder.Business"
    },


    "connectors": [
      {
        "name": "abex2abm",
        "type": "rest-client-receiver",
        "properties": {
          "isSignatory": "true",
          "baseAddress": "https://10.194.84.61:9443",
          "path": "/ibmmq/rest/v1/messaging/qmgr/MQSAFIRDEV1/queue/MQSAFIR.LQ.SAFIR2ABM/message",
          "verb": "delete",
          "headers": "ibm-mq-rest-csrf-token=",
          "type": "application/json",
          "authType": "B", //N for No auth, B for Basic
          "credentials": "{'userName':'mqm', 'password':'12345'}", //{"userName":"xx", "password":"xx"}
          "checkInterval": "300",
          "timeOut": "10000",
          "successResponseCode": "OK"
        }
      }
    ],


    "routes": [
      {
        "name": "abex2abmroot",
        "receivers": "abex2abm",
        "destinations": "",
        "loadBalance": "false"
      }
    ],

    "watchers": [
      {
        "name": "W1",
        "connections": "abex2abm",
        "checkInterval": "5000"
      }
    ]
  }
}


