{
  "service-global-settings": {
    "port": "5000",
    "nodeDictionary": "T1LPRVT2031:N:N:0,KWSFRABXT2:N:N:15"
  },

  "connectorConfiguration": {

    "assemblies": {

      "cancellation-job-executer": "QrCancellation.JobSchedular.CancellationJob,QrCancellation.JobSchedular",
      "currency-cache-job-executer": "QrCancellation.JobSchedular.CurrencyUpdateJob,QrCancellation.JobSchedular",
      "notification-executer": "QrCancellation.JobSchedular.NotificationExecuter,QrCancellation.JobSchedular"
    },

    "connectors": [
      {
        "name": "cancellationSchedulerJob",
        "type": "scheduled-job",
        "preCommand": "cancellation-job-executer",
        "properties": {
          "cronExpression": "00 52 * ? * * *",
          "disallowConcurrentExecution": true,
          "retryOnFailure": "true",
          "retryCount": "2",
          "waitDurationForRetry": "100"
        }
      },
      {
        "name": "cancellationSchedulerJob_PROD",
        "type": "scheduled-job",
        "preCommand": "cancellation-job-executer",
        "properties": {
          "cronExpression": "0 #P1 1,7,13,19 ? * * *",
          "retryOnFailure": "true",
          "retryCount": "2",
          "waitDurationForRetry": "100"

        }
      },
      {
        "name": "currencyCacheSchedulerJob",
        "type": "scheduled-job",
        "preCommand": "currency-cache-job-executer",
        "properties": {
          "cronExpression": "0/10 * * ? * * *",
          "retryOnFailure": "true",
          "retryCount": "2",
          "waitDurationForRetry": "100"
        }
      },
      {
        "name": "cancellationReportService",
        "type": "rest-client-sender",
        "postCommand": "notification-executer",
        "properties": {
          "baseAddress": "https://eaapigateway.uatisbank",
          "path": "/api/Notification/v2/emails",
          "passThrough": "true",
          "verb": "post",
          "headers": "X-Consumer={\"applicationContextV1\": {\"lang\": \"tr\", \"consumerCode\": \"APP.TEST\", \"channelCode\":\"application\", \"ipAddress\": \"127.0.0.1\"}}",
          "type": "application/json",
          "authType": "B", //N for No auth, B for Basic
          "credentials": "{'userName':'eauser', 'password':'eapass'}", //{"userName":"xx", "password":"XXXXXXXXX"}
          "checkInterval": "250",
          "timeOut": "20000",
          "successResponseCode": "Created"
        }
      }
    ],

    "routes": [
      {
        "name": "cancellationSchedulerJobRoute",
        "receivers": "cancellationSchedulerJob",
        "destinations": "cancellationReportService",
        "loadBalance": "false"
      },
      {
        "name": "currencyCacheSchedulerRoute",
        "receivers": "currencyCacheSchedulerJob",
        "destinations": "",
        "loadBalance": "false"
      }
    ],

    "watchers": [
      {
        "name": "W1",
        "connections": "cancellationSchedulerJob",
        "checkInterval": "5000"
      }
    ]
  }
}

