{
  "service-global-settings": {
    "port": "5001"
  },

  "connectorConfiguration": {
    "assemblies": {

      "job-executer": "Qr.JobSchedular.QrJobSchedular,Qr.JobSchedular"
    },


    "connectors": [
      {
        "name": "abex2abm",
        "type": "scheduled-job",
        "command": "job-executer",
        "properties": {
          "cronExpression": "0/15 * * ? * * *",
          "retryOnFailure": "true",
          "retryCount": "2",
          "waitDurationForRetry": "100"
        }
      },
      {
        "name": "tcpSample",
        "type": "tcp-client",
        "properties": {
          "address": "10.215.66.228",
          "innerMessageType": "string",
          "port": "17100"
        }
      }
    ],


    "routes": [
      {
        "name": "abex2abmroot",
        "receivers": "abex2abm",
        "destinations": "tcpSample",
        "loadBalance": "false"
      }
    ],

    "watchers": [
      {
        "name": "W1",
        "connections": "abex2abm",
        "checkInterval": "5000"
      }
    ]
  }
}

