{
  "Management": {
    "Endpoints": {
      "Health": {
        "Liveness": {
          "Include": "diskspace,liveness"
        },
        "Readiness": {
          "Include": "diskspace,readiness"
        }
      },
      "Actuator": {
        "Exposure": {
          "Include": [ "*" ],
          "Exclude": [ "env", "refresh" ]
        }
      }
    }
  },
  "Metrics": {
    "Observer": {
      "AspNetCoreHosting": true,
      "GCEvents": true,
      "ThreadPoolEvents": true,
      "EventCounterEvents": true,
      "HttpClientCore": true,
      "HttpClientDesktop": true,
      "HystrixEvents": true
    }
  },
  "Spring1": {
    "application": {
      "name": "Clearing-Visa-Gate1"
    },
    "boot": {
      "admin": {
        "client": {
          "url": "http://localhost:8080",
          "basePath": "http://192.168.1.25:5205/",
          "metadata": {
            "user.name": "/actuatorUser",
            "user.password": "/actuatorPassword"
          }
        }
      }
    }
  },
  "connectorConfiguration": {
    "assemblies": {
      "clearing-messaging-visa": "Clearing.Messaging.Visa.VisaOutgoingMessage,Clearing.Messaging.Visa",
      "clearing-messaging": "clearing-messaging.OutgoingMessage,clearing-messaging"
    },
    "ModuleName": "Clearing-Visa-Gate",
    "executers": [
      {
        "name": "visa-outgoing-message-handler",
        "assembly": "Clearing.Visa.Gate.Executers.VisaOutgoingMessageHandler,Clearing.Visa.Gate",
        "inputMessageFormat": "json",
        "outputMessageFormat": "json"
      }
    ],
    "HealthCheckConnector": {
    },
    "connectors": [
      {
        "name": "visa-out-gate",
        "type": "rest-server",
        "properties": {
          "RootAddress": {
            "host": "192.168.1.25",
            "http": {
              "Port": 5205
            }
          }, //distibuted log tracing - jeager
          "backPressureSize": "12", //ihtiyaç var mı? circuit breaker kullanabilir miyiz? //Metod bazına indirelim
          "paths": [ //swagger şeması eklenebilir mi? - Kübra araştıracak
            {
              "uri": "process",
              "post": {
                "executername": "visa-outgoing-message-handler",
                "RequestElement": "clearing-messaging-visa",
                "ResponseElement": "clearing-messaging-visa"

              }
            },
            {
              "uri": "process1",
              "post": {
                "executername": "visa-outgoing-message-handler",
                "RequestElement": "clearing-messaging-visa",
                "ResponseElement": "clearing-messaging-visa"
              }
            }
          ],
          "timeOut": "50000",
          "responseHeaders": "Content-Type=application/json"
        }
      },
      {
        "name": "fraud",
        "type": "rest-client-sender",
        "properties": {
          "isSignatory": "true",
          "baseAddress": "https://649ed517-2284-4a47-a7e7-b86cec50e9be.mock.pstmn.io",
          "path": "/clearingvisamock",
          "verb": "post",
          "type": "application/json",
          "timeOut": "10000",
          "successResponseCode": "OK"
        }
      }

    ],
    "routes": [
      {
        "name": "rest-route",
        "receivers": "visa-out-gate",
        "destinations": "visa-out-gate,fraud",
        "loadBalance": "true"
      }
    ]
  }
}
