{
  "service-global-settings": {
    "port": 5001,
    "nodeDictionary": "T1LPRVT2031:1:1"
  },
  "connectorConfiguration": {
    "assemblies": {

      "stip-executer": "Akil.Stipper.AkilStipExecuter,Akil.Stipper"
    },


    "connectors": [
      {
        "name": "akilstipTcpServer",
        "type": "tcp-server",
        "preCommand": "stip-executer",
        "properties": {
          "address": "0.0.0.0",
          "port": "17201",
          "checkInterval": "10",
          "timeOut": "10000",
          "checkHeader": true,
          "headerLength": 2
        }
      },
      {
        "name": "akilstipTcpClient",
        "type": "tcp-client",
        "preCommand": "stip-executer",
        "properties": {
          "address": "t1lprvt2031",
          "port": "17100",
          "checkInterval": "10",
          "timeOut": "10000"
        }
      }
    ],

    "routes": [
      {
        "name": "akilStipRoute",
        "receivers": "akilstipTcpServer",
        "destinations": "akilstipTcpClient",
        "loadBalance": "true"
      }
    ],

    "watchers": [
      {
        "name": "W1",
        "connections": "akilstipTcpClient,akilstipTcpServer",
        "checkInterval": "5000"
      }
    ]
  }

}
